employement_type;employement_type_fe
Временная;0.005621342187385078
Полная занятость;0.935552450099643
Сезонная;0.002619790626893482
Стажировка;0.0011207660435907942
Удаленная;0.01190813921315219
Частичная занятость;0.04317751182933535
