education_type;education_type_fe
Высшее;0.428791078702293
Незаконченное высшее;0.040606754716848964
Среднее;0.2669804811588721
Среднее профессиональное;0.26362168542198594
